"ID","Description","GeneRatio","BgRatio","pvalue","p.adjust","qvalue","geneID","Count"
"GO:0005840","GO:0005840","ribosome","100/1560","340/29171",1.88938740713487e-46,1.2677789501875e-43,7.29900187808944e-44,"P63244/P62269/P05387/P05388/P35268/P62854/P83731/P30050/P61254/P25398/P05386/P08865/P62241/P62701/P62753/P62888/P23396/P62244/P13639/P39019/P60866/P62851/P62857/Q9UNX3/P27824/O00571/P46782/P62829/P98179/P26373/P62263/P62841/P62847/P62899/P63220/Q02543/Q8IXM3/P18621/P46776/P62249/P62910/P46783/P62750/P62913/P62987/Q9P2E9/P62917/P61247/Q02878/P15880/P62081/P62277/P62979/P42766/P46777/P47914/P49207/P50914/P83881/Q969Q0/P22090/Q9Y3D9/Q8TD47/Q9BYD6/Q9Y2R5/P62424/P51398/P62266/P46778/P84098/O95182/P62280/Q16540/Q6P1L8/Q9NP92/P46779/P52815/Q8N5N7/Q9H9J2/Q9NQ50/Q96GC5/P19525/Q7Z7H8/Q9NRX2/Q9Y3B7/Q9UHB9/Q92552/P62906/Q13405/Q9Y2Q9/P27695/Q13084/Q9BYD3/P49406/Q96DV4/Q9NYK5/P82650/Q92665/P82933/Q8NE71",100
"GO:0044391","GO:0044391","ribosomal subunit","81/1560","239/29171",5.85326513268132e-43,1.96377045201458e-40,1.13060437036529e-40,"P63244/P62269/P05387/P05388/P35268/P62854/P83731/P30050/P61254/P25398/P05386/P08865/P62241/P62701/P62753/P62888/P23396/P62244/P39019/P60866/P62851/P62857/Q9UNX3/O00571/P46782/P62829/P98179/P26373/P62263/P62841/P62847/P62899/P63220/Q02543/Q8IXM3/P18621/P46776/P62249/P62910/P46783/P62750/P62913/P62987/P62917/P61247/Q02878/P15880/P62081/P62277/P62979/P42766/P46777/P47914/P49207/P50914/P83881/Q969Q0/P22090/Q8TD47/Q9BYD6/Q9Y2R5/P62424/P51398/P62266/P46778/P84098/P62280/Q16540/P46779/P52815/Q7Z7H8/Q9NRX2/Q9Y3B7/P62906/Q13405/Q9Y2Q9/Q13084/P49406/P82650/Q92665/P82933",81
"GO:0043209","GO:0043209","myelin sheath","95/1560","337/29171",2.03177381917305e-42,4.54440077555038e-40,2.61635435661933e-40,"P07355/P63261/P10809/P68371/P35232/P40926/P06576/P68363/Q71U36/P04350/P30048/P25705/P62834/P30101/P11021/P21796/P00505/P26038/P38646/P11142/Q15019/P05556/P27824/P55072/P62873/O75489/P60953/P13987/Q06830/P31930/Q05639/P78371/P04216/P14174/P15311/P28331/P62879/P50213/P62987/P36542/Q16891/Q99798/P22695/P08559/P49368/P62979/P45880/P35241/P36957/P61163/P61981/P05141/P54920/P17987/Q9P2R7/P48643/P54652/O75746/P07900/P24539/Q9HAV0/P19404/Q92599/P07195/P0CG47/P12235/Q9NZN3/P46459/P15531/O95299/P14618/P31040/P09936/P50395/P09622/P21281/P10515/P47985/P09471/P06396/O43175/P09104/P31150/P0CG48/P09543/P14136/Q16352/P38606/P07196/P02768/P61764/Q8N3R9/P12036/Q8WUM4/Q7Z406",95
"GO:0044445","GO:0044445","cytosolic part","95/1560","352/29171",1.17757257144151e-40,1.97537798859314e-38,1.13728719399746e-38,"P62269/P05387/P05388/P35268/P62854/P83731/P30050/P61254/P25398/P30048/P05386/P08865/P62241/P62701/P62753/P62888/P23396/P62244/P39019/P60866/P62851/P62857/Q9UNX3/O00571/P46782/P62829/P26373/P62263/P62841/P62847/P62899/P63220/Q02543/P78371/P06733/P18621/P46776/P62249/P62910/Q86Y82/P46783/P40227/P62750/P62913/P62987/Q99832/P62917/P61247/Q02878/P50990/P49368/P15880/P62081/P62277/P62979/P42766/P46777/P47914/P49207/P50914/P83881/Q969Q0/P22090/P50991/Q8TD47/P17987/P62424/P48643/P62266/P00387/P46778/P62333/P84098/P62280/P02042/P46779/P68871/P02100/P69891/P69892/P43686/P62191/P13929/P62906/O00487/Q9BTU6/Q96EY1/P09104/P17980/P62195/P35998/Q92526/P07196/Q99460/Q02846",95
"GO:0022626","GO:0022626","cytosolic ribosome","63/1560","161/29171",5.60075783732102e-38,7.51621701768481e-36,4.32732237115119e-36,"P62269/P05387/P05388/P35268/P62854/P83731/P30050/P61254/P25398/P05386/P08865/P62241/P62701/P62753/P62888/P23396/P62244/P39019/P60866/P62851/P62857/Q9UNX3/O00571/P46782/P62829/P26373/P62263/P62841/P62847/P62899/P63220/Q02543/P18621/P46776/P62249/P62910/P46783/P62750/P62913/P62987/P62917/P61247/Q02878/P15880/P62081/P62277/P62979/P42766/P46777/P47914/P49207/P50914/P83881/Q969Q0/P22090/Q8TD47/P62424/P62266/P46778/P84098/P62280/P46779/P62906",63
"GO:0000786","GO:0000786","nucleosome","44/1560","91/29171",1.03580705966703e-31,1.15837756172763e-29,6.66914369996139e-30,"P62805/Q16777/Q9BTM1/P04908/P0C0S8/P20671/Q6FI13/Q7L7L0/Q8IUE6/Q93077/Q96KK5/Q96QV6/P0C0S5/Q71UI9/P16104/P10412/P16402/P16403/P68431/P84243/Q16695/Q71DI3/O60814/P06899/P23527/P33778/P58876/P62807/Q16778/Q5QNW6/Q8N257/Q93079/Q99877/Q99879/Q99880/P16401/P22492/O75367/Q02539/Q6NXT2/Q5SSJ5/Q96A08/Q92794/Q8WYB5",44
"GO:0044815","GO:0044815","DNA packaging complex","44/1560","111/29171",3.36855173248904e-27,3.22899744642878e-25,1.85903531702779e-25,"P62805/Q16777/Q9BTM1/P04908/P0C0S8/P20671/Q6FI13/Q7L7L0/Q8IUE6/Q93077/Q96KK5/Q96QV6/P0C0S5/Q71UI9/P16104/P10412/P16402/P16403/P68431/P84243/Q16695/Q71DI3/O60814/P06899/P23527/P33778/P58876/P62807/Q16778/Q5QNW6/Q8N257/Q93079/Q99877/Q99879/Q99880/P16401/P22492/O75367/Q02539/Q6NXT2/Q5SSJ5/Q96A08/Q92794/Q8WYB5",44
"GO:0042470","GO:0042470","melanosome","56/1560","201/29171",3.35432463949319e-25,2.50083537011103e-23,1.43980952361871e-23,"P07355/P23284/P61019/P51149/P30101/P11021/P51148/P11142/P14625/P05556/P07237/P27824/P04843/O75396/Q06830/P30040/Q7KZF4/Q15084/P02786/P49755/P62820/P35613/Q14697/P13667/P62258/P50991/P63104/Q00610/O00194/P08238/P55209/P08195/P07900/O43852/O00560/P63000/Q15758/P11279/P62826/P08133/P08962/Q16563/P20339/P50281/P51159/P61020/P21281/P54709/P07858/Q92542/Q92820/P07339/O75955/P09543/Q8WUM4/P35749",56
"GO:0048770","GO:0048770","pigment granule","56/1560","201/29171",3.35432463949319e-25,2.50083537011103e-23,1.43980952361871e-23,"P07355/P23284/P61019/P51149/P30101/P11021/P51148/P11142/P14625/P05556/P07237/P27824/P04843/O75396/Q06830/P30040/Q7KZF4/Q15084/P02786/P49755/P62820/P35613/Q14697/P13667/P62258/P50991/P63104/Q00610/O00194/P08238/P55209/P08195/P07900/O43852/O00560/P63000/Q15758/P11279/P62826/P08133/P08962/Q16563/P20339/P50281/P51159/P61020/P21281/P54709/P07858/Q92542/Q92820/P07339/O75955/P09543/Q8WUM4/P35749",56
"GO:0022627","GO:0022627","cytosolic small ribosomal subunit","30/1560","57/29171",1.84349348167494e-23,1.23698412620388e-21,7.12170639762845e-22,"P62269/P62854/P25398/P08865/P62241/P62701/P62753/P23396/P62244/P39019/P60866/P62851/P62857/O00571/P46782/P62263/P62841/P62847/P63220/P62249/P46783/P61247/P15880/P62081/P62277/P62979/P22090/Q8TD47/P62266/P62280",30
"GO:0005681","GO:0005681","spliceosomal complex","66/1560","307/29171",1.51302047177344e-22,9.22942487781798e-21,5.31366998220912e-21,"P22626/P62304/P09651/P17844/P31943/Q32P51/P61978/P11142/P67809/P11940/P51991/P55769/P62316/P62318/P07910/O60506/P08621/P62306/P62314/O43390/P26368/Q13838/P52597/P0DN76/Q01081/Q9UKM9/P52272/O95777/Q12874/Q9Y333/P09661/Q00839/Q07955/Q15427/Q86V81/Q7RTV0/Q9Y3B4/P38159/O00148/P31942/P17931/Q01130/Q9UMS4/O14979/P09012/Q8WXA9/O43172/P14678/P63162/Q15029/P49756/Q9BZZ5/Q8N163/Q9Y383/Q15459/O43290/P38919/Q8WWY3/Q96IZ5/P55265/O75400/Q8IYB3/Q13435/Q9UPN6/O75643/O94906",66
"GO:0015934","GO:0015934","large ribosomal subunit","44/1560","141/29171",2.86796511636098e-22,1.60367049423185e-20,9.23283506758314e-21,"P05387/P05388/P35268/P83731/P30050/P61254/P05386/P62888/Q9UNX3/P62829/P98179/P26373/P62899/Q02543/Q8IXM3/P18621/P46776/P62910/P62750/P62913/P62987/P62917/Q02878/P42766/P46777/P47914/P49207/P50914/P83881/Q969Q0/Q9BYD6/P62424/P46778/P84098/Q16540/P46779/P52815/Q7Z7H8/Q9NRX2/Q9Y3B7/P62906/Q13405/Q13084/P49406",44
"GO:0015935","GO:0015935","small ribosomal subunit","37/1560","98/29171",3.2498664924528e-22,1.67743108956602e-20,9.65749799781519e-21,"P63244/P62269/P62854/P25398/P08865/P62241/P62701/P62753/P23396/P62244/P39019/P60866/P62851/P62857/O00571/P46782/P62263/P62841/P62847/P63220/P62249/P46783/P61247/P15880/P62081/P62277/P62979/P22090/Q8TD47/Q9Y2R5/P51398/P62266/P62280/Q9Y2Q9/P82650/Q92665/P82933",37
"GO:0032993","GO:0032993","protein-DNA complex","55/1560","227/29171",1.36081865522089e-21,6.52220941180868e-20,3.75504095087267e-20,"P62805/Q16777/Q9BTM1/P04908/P0C0S8/P20671/Q6FI13/Q7L7L0/Q8IUE6/Q93077/Q96KK5/Q96QV6/P0C0S5/Q71UI9/P16104/P52926/P61978/P10412/P16402/P16403/P68431/P84243/Q16695/Q71DI3/O60814/P06899/P23527/P33778/P58876/P62807/Q16778/Q5QNW6/Q8N257/Q93079/Q99877/Q99879/Q99880/P16401/P22492/O75367/Q02539/Q6NXT2/P35244/Q00577/Q96QR8/Q5SSJ5/Q96A08/Q9UMS4/P35222/P12956/P13010/Q13422/P14923/Q92794/Q8WYB5",55
"GO:0098798","GO:0098798","mitochondrial protein complex","53/1560","215/29171",3.15967752720253e-21,1.41342908050193e-19,8.13755545602336e-20,"P48047/O75947/P06576/P40939/P25705/O75489/P49821/Q5XKP0/P31930/O96008/O75964/O96000/P28331/P30049/P56134/P56378/Q9UDW1/Q3ZCQ8/P36542/Q16891/P56385/P22695/P12236/O75439/O00483/Q9NX63/Q9Y5L4/O94826/O43920/Q15388/Q16718/Q16795/O95168/P14927/P30405/P24539/P19404/O95182/P56556/Q9UI09/Q9Y3D7/O14925/P21912/O95299/P13073/P31040/O75306/O75251/O00217/P10515/P47985/Q8TCS8/P11182",53
"GO:0005882","GO:0005882","intermediate filament","58/1560","256/29171",3.75708368464257e-21,1.57562697024698e-19,9.07137968594621e-20,"P08670/P05787/P08727/P05783/P02545/P20700/Q03252/P13646/P19012/Q04695/P15531/P08729/O95678/P02533/P08779/P17661/P02538/P04259/P41219/P48668/Q9NSB2/P12035/P13647/Q7Z794/Q5XKE5/P04264/P48681/Q01546/P48729/Q8N1A0/O76014/O76015/Q7Z3Y7/P13645/Q14525/Q15323/Q14532/P78385/Q14533/O76013/P35900/Q92764/P14136/Q2M2I5/O43790/Q86Y46/Q3SY84/Q7RTS7/P78386/Q14CN4/Q16352/Q8N1N4/P07196/P35908/P14923/P12036/P07197/Q03001",58
"GO:0098800","GO:0098800","inner mitochondrial membrane protein complex","45/1560","164/29171",3.14130837833809e-20,1.23989289521462e-18,7.13845309504693e-19,"P48047/O75947/P06576/P25705/O75489/P49821/Q5XKP0/P31930/O75964/O96000/P28331/P30049/P56134/P56378/Q9UDW1/Q3ZCQ8/P36542/Q16891/P56385/P22695/P12236/O75439/O00483/Q9NX63/O43920/Q16718/Q16795/O95168/P14927/P30405/P24539/P19404/O95182/P56556/Q9UI09/Q9Y3D7/O14925/P21912/O95299/P13073/P31040/O75306/O75251/O00217/P47985",45
"GO:0022625","GO:0022625","cytosolic large ribosomal subunit","33/1560","94/29171",7.93324442323646e-19,2.95733722666203e-17,1.70263199025016e-17,"P05387/P05388/P35268/P83731/P30050/P61254/P05386/P62888/Q9UNX3/P62829/P26373/P62899/Q02543/P18621/P46776/P62910/P62750/P62913/P62987/P62917/Q02878/P42766/P46777/P47914/P49207/P50914/P83881/Q969Q0/P62424/P46778/P84098/P46779/P62906",33
"GO:0045111","GO:0045111","intermediate filament cytoskeleton","63/1560","345/29171",8.64458462706328e-18,3.05290330776814e-16,1.75765238677685e-16,"P08670/P05787/P08727/P05783/P02545/Q15149/P20700/P50990/Q03252/Q9Y3D9/P13646/P19012/Q04695/P15531/P08729/O95678/P02533/P08779/P17661/P02538/P04259/P41219/P48668/Q9NSB2/P12035/P13647/Q7Z794/Q5XKE5/P04264/Q99442/P48681/Q01546/P48729/Q8N1A0/O75616/O76014/O76015/Q7Z3Y7/P13645/Q14525/Q15323/Q14532/P78385/Q14533/O76013/P35900/Q92764/P14136/Q2M2I5/O43790/Q86Y46/Q3SY84/Q7RTS7/P78386/Q14CN4/Q16352/Q8N1N4/P07196/P35908/P14923/P12036/P07197/Q03001",63
"GO:0044455","GO:0044455","mitochondrial membrane part","57/1560","290/29171",9.73010113342962e-18,3.26444893026564e-16,1.87944585050983e-16,"P10809/P48047/O75947/P06576/P25705/O75489/P49821/Q5XKP0/P31930/O96008/O75964/O96000/P28331/P30049/P56134/P56378/Q9UDW1/Q9Y3D6/Q3ZCQ8/P36542/Q16891/P14406/P56385/P22695/P12236/O75439/O00483/Q9NX63/O94826/O43920/P07919/Q15388/Q16718/Q16795/O95168/P14927/P30405/P24539/P19404/O95182/P56556/Q9UI09/Q9Y3D7/O14925/P21912/O95299/P13073/P31040/O75306/O75251/O00217/P47985/Q9GZY8/P50336/Q8IXI1/O60313/Q6SZW1",57
"GO:0005788","GO:0005788","endoplasmic reticulum lumen","62/1560","345/29171",3.53308838190895e-17,1.12890585917186e-15,6.49946584541646e-16,"P23284/P50454/P30101/P11021/P13674/O15460/P14625/P07237/P27824/P27797/P14314/P30040/Q96D15/O14656/Q15084/P61769/Q8TED1/Q8NBS9/Q14697/Q9BS26/P13667/Q32P28/Q15293/Q12797/Q9BTV4/P02452/Q9Y4L1/P12111/Q969H8/Q9UBS4/Q96AY3/O43852/Q14257/Q96HE7/Q8IXB1/Q03405/Q9NYU2/Q13217/P02461/P08123/O75718/Q8IVL6/Q9BT09/P12109/Q8NBJ7/Q9Y680/Q8NBJ5/O14657/O95479/P07996/P30533/Q8NBL1/Q96DZ1/Q14554/Q5TAT6/Q9BZQ6/P02462/P02458/P08572/P20908/P12107/Q92538",62
"GO:0071013","GO:0071013","catalytic step 2 spliceosome","40/1560","155/29171",4.10107029085397e-17,1.25082643871046e-15,7.20140094135602e-16,"P22626/P62304/P09651/P17844/P31943/P61978/P11940/P51991/P62316/P62318/P07910/O60506/P62306/P62314/O43390/P52597/P0DN76/Q01081/Q9UKM9/P52272/Q12874/Q9Y333/P09661/Q00839/Q07955/Q86V81/Q7RTV0/Q9Y3B4/P38159/Q9UMS4/P14678/P63162/Q15029/Q15459/O43290/P38919/Q8IYB3/Q13435/O75643/O94906",40
"GO:0000788","GO:0000788","nuclear nucleosome","18/1560","34/29171",1.12965701426795e-14,3.29565155032084e-13,1.89741017957133e-13,"Q7L7L0/P68431/P84243/Q16695/O60814/P06899/P23527/P33778/P58876/P62807/Q16778/Q5QNW6/Q8N257/Q93079/Q99877/Q99879/Q99880/Q96A08",18
"GO:1990204","GO:1990204","oxidoreductase complex","37/1560","165/29171",7.45490086033751e-14,2.0842660322027e-12,1.19997746304556e-12,"P13674/O15460/P11177/P07237/O75489/P49821/P31930/O96000/P28331/Q9UDW1/P22695/P08559/P36957/O75439/O00483/O43920/Q16718/Q16795/O95168/P14927/P19404/O95182/P56556/Q9UI09/Q02218/P21912/O95299/P31040/O75306/O75251/P09622/O00217/P10515/P47985/P43304/P11182/Q9ULD0",37
"GO:0035770","GO:0035770","ribonucleoprotein granule","47/1560","266/29171",4.4309175480061e-13,1.18925826988484e-11,6.84693364260311e-12,"P07437/P60709/P05388/Q71U36/P62701/P62753/O00571/P67809/P60953/P11940/P51991/Q13283/Q92499/Q02878/O15523/P19338/Q92945/Q9NZI8/Q14011/Q13310/P06730/Q9Y333/Q00839/Q9BWF3/Q13501/P63000/Q01085/P46779/P11387/Q14444/Q9NR56/Q12849/Q08211/P31483/Q92600/P17980/P26196/P35998/P46940/O95793/Q16352/Q8TB72/Q14671/Q8WWM7/Q9NQI0/Q6P2E9/A5YKK6",47
"GO:0036464","GO:0036464","cytoplasmic ribonucleoprotein granule","45/1560","251/29171",8.19527160037531e-13,2.11501047840455e-11,1.21767800701933e-11,"P07437/P60709/P05388/Q71U36/P62701/P62753/O00571/P67809/P60953/P11940/Q13283/Q92499/Q02878/O15523/P19338/Q92945/Q9NZI8/Q14011/Q13310/P06730/Q9Y333/Q00839/Q9BWF3/Q13501/P63000/Q01085/P46779/P11387/Q14444/Q9NR56/Q08211/P31483/Q92600/P17980/P26196/P35998/P46940/O95793/Q16352/Q8TB72/Q14671/Q8WWM7/Q9NQI0/Q6P2E9/A5YKK6",45
"GO:0045095","GO:0045095","keratin filament","28/1560","107/29171",1.43554506819099e-12,3.5675953361339e-11,2.05397676423428e-11,"P05787/P05783/P13646/P08729/O95678/P02533/P02538/P04259/P48668/Q9NSB2/P12035/P13647/Q7Z794/Q5XKE5/P04264/Q01546/P48729/P13645/P78385/Q14533/O43790/Q86Y46/Q3SY84/Q7RTS7/P78386/Q14CN4/Q8N1N4/P35908",28
"GO:0005793","GO:0005793","endoplasmic reticulum-Golgi intermediate compartment","36/1560","183/29171",9.78164399432458e-12,2.33815755618209e-10,1.34615079318978e-10,"P50454/P61019/P11021/Q12907/P07237/O75396/P13987/Q15084/Q9H0U4/P49755/Q969X5/Q9BS26/Q9BVK6/P15144/P09429/Q9NRW1/Q02818/P53618/Q969H8/P49257/Q99653/Q96EK6/P02751/Q9NYU2/O14653/O15260/Q15363/P53990/Q9Y282/Q96KG9/P80303/Q08379/O14983/Q14789/Q92538/Q5VYK3",36
"GO:0030135","GO:0030135","coated vesicle","60/1560","429/29171",1.01053009134546e-11,2.33815755618209e-10,1.34615079318978e-10,"P10809/P11142/O75396/P13987/Q9Y678/P61769/Q13492/P49755/P10321/P55735/P61106/P63027/Q15836/Q9BVK6/P30460/O14579/P53618/Q10567/Q00610/O00194/P01889/P61923/P63010/P49257/P04439/O95782/P30443/O94979/O94855/O14653/P09496/O94973/P50570/P84077/Q15363/Q9Y6B6/P53621/P51159/O43493/P48444/P42892/P61006/Q15436/Q96KG9/Q9H0V9/O60641/P53992/Q14677/Q08379/Q9Y5X1/Q07954/P05067/O95486/Q9UBF2/P35606/O00203/P00533/P11717/P53675/Q5VYK3",60
"GO:0097525","GO:0097525","spliceosomal snRNP complex","24/1560","86/29171",1.26322805757822e-11,2.82542008878329e-10,1.6266831478288e-10,"P62304/P62316/P62318/P08621/P62306/P62314/Q13838/O95777/Q9Y333/P09661/Q7RTV0/Q9Y3B4/P09012/O43172/P14678/P63162/Q9Y383/Q15459/O43290/Q8WWY3/O75400/Q13435/O75643/O94906",24
"GO:0070469","GO:0070469","respiratory chain","30/1560","134/29171",1.74290751039828e-11,3.77255141766855e-10,2.17197642212622e-10,"O75489/P49821/P31930/O96000/P28331/P99999/Q9UDW1/P14406/P22695/O75439/O00483/O43920/P07919/Q16718/Q16795/O95168/P14927/P19404/P08574/O95182/P56556/Q9UI09/P21912/O95299/P13073/P31040/O75306/O75251/O00217/P47985",30
"GO:0098803","GO:0098803","respiratory chain complex","26/1560","103/29171",2.18007752626742e-11,4.571350062892e-10,2.63186990835574e-10,"O75489/P49821/P31930/O96000/P28331/Q9UDW1/P22695/O75439/O00483/O43920/Q16718/Q16795/O95168/P14927/P19404/O95182/P56556/Q9UI09/P21912/O95299/P13073/P31040/O75306/O75251/O00217/P47985",26
"GO:0010494","GO:0010494","cytoplasmic stress granule","20/1560","62/29171",3.44785545077038e-11,6.99192194731901e-10,4.02546922059154e-10,"O00571/P67809/P11940/Q13283/Q92499/Q92945/Q9NZI8/Q14011/Q13310/P06730/Q9BWF3/Q01085/Q14444/Q9NR56/P31483/P26196/O95793/Q8TB72/Q14671/Q8WWM7",20
"GO:0005746","GO:0005746","mitochondrial respiratory chain","28/1560","121/29171",3.54285165735986e-11,6.99192194731901e-10,4.02546922059154e-10,"O75489/P49821/P31930/O96000/P28331/Q9UDW1/P14406/P22695/O75439/O00483/O43920/P07919/Q16718/Q16795/O95168/P14927/P19404/O95182/P56556/Q9UI09/P21912/O95299/P13073/P31040/O75306/O75251/O00217/P47985",28
"GO:0009295","GO:0009295","nucleoid","23/1560","87/29171",1.12397212061058e-10,2.09495914702695e-09,1.20613382533358e-09,"Q99714/P06576/P40939/P21796/P38646/Q96AG4/P34897/P49411/P42704/P49748/Q04837/P55084/P45880/P05141/Q9NVI7/Q9Y2S7/P36776/Q12849/P29372/Q00059/Q96EY1/P11182/Q7L0Y3",23
"GO:0042645","GO:0042645","mitochondrial nucleoid","23/1560","87/29171",1.12397212061058e-10,2.09495914702695e-09,1.20613382533358e-09,"Q99714/P06576/P40939/P21796/P38646/Q96AG4/P34897/P49411/P42704/P49748/Q04837/P55084/P45880/P05141/Q9NVI7/Q9Y2S7/P36776/Q12849/P29372/Q00059/Q96EY1/P11182/Q7L0Y3",23
"GO:0030120","GO:0030120","vesicle coat","22/1560","81/29171",1.6037091456666e-10,2.90834820741158e-09,1.67442747214692e-09,"Q9Y678/Q13492/O14579/P53618/Q00610/P61923/P63010/O95782/O94979/O94855/P09496/O94973/P53621/P48444/Q15436/Q96KG9/P53992/O95486/Q9UBF2/P35606/P00533/P53675",22
"GO:0030532","GO:0030532","small nuclear ribonucleoprotein complex","24/1560","97/29171",1.99985948423834e-10,3.5313308261156e-09,2.03309814602624e-09,"P62304/P62316/P62318/P08621/P62306/P62314/Q13838/O95777/Q9Y333/P09661/Q7RTV0/Q9Y3B4/P09012/O43172/P14678/P63162/Q9Y383/Q15459/O43290/Q8WWY3/O75400/Q13435/O75643/O94906",24
"GO:0005885","GO:0005885","Arp2/3 protein complex","11/1560","20/29171",1.06104243688229e-09,1.82553711576414e-08,1.05101909402375e-08,"P61158/O15145/P59998/P61160/O15144/O15511/O15143/Q9C0K3/Q9P1U1/Q9BPX5/Q92747",11
"GO:0030662","GO:0030662","coated vesicle membrane","41/1560","268/29171",1.30815767753197e-09,2.19443450405987e-08,1.26340491487956e-08,"P11142/O75396/P13987/Q9Y678/P61769/Q13492/P49755/P10321/P55735/P63027/Q15836/P30460/O14579/P53618/Q10567/Q00610/P01889/P61923/P63010/P49257/P04439/O95782/P30443/O94979/O94855/O14653/P09496/O94973/Q15363/Q9Y6B6/P53621/P48444/Q15436/Q96KG9/P53992/O95486/Q9UBF2/P35606/O00203/P00533/P53675",41
"GO:0016607","GO:0016607","nuclear speck","48/1560","345/29171",1.39756159706075e-09,2.28722885762869e-08,1.31682954074787e-08,"P02545/O00571/P36873/Q3ZCQ8/O00422/Q13148/P08621/P26368/Q13838/Q14498/Q15233/P0DN76/Q01081/P82979/O75494/Q12874/Q13243/Q07955/Q86V81/Q7RTV0/Q9BWF3/Q8WXF1/Q9HC98/Q9Y2W1/Q13247/Q01130/Q9UMS4/P80723/O43172/Q15029/Q15287/P49756/P27695/P61011/Q9Y383/P48729/Q08170/Q6PJT7/P38919/Q8WWY3/Q9BY77/Q9UKV3/O75400/Q8WWM7/P52824/Q8IYB3/Q86XP3/O94906",48
"GO:0005798","GO:0005798","Golgi-associated vesicle","27/1560","140/29171",5.79916140867566e-09,9.26485072671755e-08,5.33406575685205e-08,"Q9Y678/P49755/P61106/Q9BVK6/Q02818/Q8WVM8/O14579/P53618/Q00610/O00194/P61923/O95782/P09496/P84077/Q15363/P53621/O43493/P48444/P61006/Q96KG9/Q8N6T3/Q9P289/O14672/Q9UBF2/P35606/P11717/P53675",27
"GO:0005838","GO:0005838","proteasome regulatory particle","12/1560","28/29171",7.16879466528704e-09,1.11866540009479e-07,6.44050830394209e-08,"P51665/P62333/O00231/P48556/P43686/P62191/O00487/P17980/P62195/P35998/O00232/Q99460",12
"GO:0005753","GO:0005753","mitochondrial proton-transporting ATP synthase complex","12/1560","30/29171",1.84423266424422e-08,2.81245481297243e-07,1.61921863104696e-07,"P48047/O75947/P06576/P25705/O75964/P30049/P56134/P56378/P36542/P56385/P30405/P24539",12
"GO:0045259","GO:0045259","proton-transporting ATP synthase complex","12/1560","31/29171",2.86233249217377e-08,4.26805578277467e-07,2.45725385877842e-07,"P48047/O75947/P06576/P25705/O75964/P30049/P56134/P56378/P36542/P56385/P30405/P24539",12
"GO:0022624","GO:0022624","proteasome accessory complex","13/1560","38/29171",4.28920817339489e-08,6.25664931379994e-07,3.60214965591745e-07,"P51665/P62333/O00231/P48556/P43686/P62191/O00487/Q9UL46/P17980/P62195/P35998/O00232/Q99460",13
"GO:0005687","GO:0005687","U4 snRNP","9/1560","17/29171",5.75064980878299e-08,8.2099702589221e-07,4.72673791673764e-07,"P62304/P62316/P62318/P62306/P62314/Q13838/P14678/P63162/Q8WWY3",9
"GO:0005747","GO:0005747","mitochondrial respiratory chain complex I","17/1560","69/29171",9.22461288022329e-08,1.23794304852597e-06,7.12722721482515e-07,"O75489/P49821/O96000/P28331/O00483/O43920/Q16718/Q16795/O95168/P19404/O95182/P56556/Q9UI09/O95299/O75306/O75251/O00217",17
"GO:0030964","GO:0030964","NADH dehydrogenase complex","17/1560","69/29171",9.22461288022329e-08,1.23794304852597e-06,7.12722721482515e-07,"O75489/P49821/O96000/P28331/O00483/O43920/Q16718/Q16795/O95168/P19404/O95182/P56556/Q9UI09/O95299/O75306/O75251/O00217",17
"GO:0045271","GO:0045271","respiratory chain complex I","17/1560","69/29171",9.22461288022329e-08,1.23794304852597e-06,7.12722721482515e-07,"O75489/P49821/O96000/P28331/O00483/O43920/Q16718/Q16795/O95168/P19404/O95182/P56556/Q9UI09/O95299/O75306/O75251/O00217",17
"GO:0030137","GO:0030137","COPI-coated vesicle","12/1560","34/29171",9.5746302526421e-08,1.25972096069075e-06,7.25260949993736e-07,"Q9Y678/P49755/O14579/P53618/P61923/P84077/Q15363/P53621/P48444/Q96KG9/Q9UBF2/P35606",12
"GO:0005686","GO:0005686","U2 snRNP","11/1560","29/29171",1.39746500222861e-07,1.80326733941423e-06,1.0381976838419e-06,"P62304/P62316/P62318/P62314/P09661/Q7RTV0/Q9Y3B4/P14678/P63162/Q15459/Q13435",11
"GO:0044448","GO:0044448","cell cortex part","35/1560","249/29171",1.76799695462673e-07,2.23835086142365e-06,1.28868894210131e-06,"P08727/P68104/P21333/Q01082/Q15019/O43707/Q13813/P15311/P61160/Q16181/Q9UHD8/Q05682/Q12797/P35241/P23528/Q15691/P47755/P35609/P67936/Q14247/P35579/P61026/P06396/P06753/Q14141/O75955/Q01518/Q14254/P19022/O15020/Q9UPT5/P11277/Q96KP1/P18206/P46939",35
"GO:0097526","GO:0097526","spliceosomal tri-snRNP complex","12/1560","36/29171",1.97792535969455e-07,2.45775540065748e-06,1.41500703120448e-06,"P62304/P62316/P62318/P62314/O95777/Q9Y333/O43172/P14678/P63162/O43290/Q8WWY3/O94906",12
"GO:0030663","GO:0030663","COPI-coated vesicle membrane","10/1560","25/29171",2.9008666918695e-07,3.53905736408079e-06,2.03754655677724e-06,"Q9Y678/O14579/P53618/P61923/Q15363/P53621/P48444/Q96KG9/Q9UBF2/P35606",10
"GO:0030863","GO:0030863","cortical cytoskeleton","27/1560","170/29171",3.839488031577e-07,4.55842696421277e-06,2.6244296742742e-06,"P08727/P68104/P21333/Q01082/O43707/Q13813/P15311/P61160/Q05682/P35241/P23528/Q15691/P47755/P35609/P67936/Q14247/P35579/P06396/P06753/O75955/Q01518/Q14254/P19022/O15020/P11277/P18206/P46939",27
"GO:0005689","GO:0005689","U12-type spliceosomal complex","12/1560","38/29171",3.87228520059803e-07,4.55842696421277e-06,2.6244296742742e-06,"P62304/P67809/P62316/P62318/P62306/P62314/Q15427/Q7RTV0/Q9Y3B4/P14678/Q96IZ5/Q13435",12
"GO:0072562","GO:0072562","blood microparticle","30/1560","202/29171",3.97328422974786e-07,4.5966788244152e-06,2.64645247244549e-06,"P60709/P63261/P68032/P68133/P63267/P26038/P11142/P08758/P02786/P07737/P63104/P0DMV8/P0DMV9/P17066/P54652/O00299/O00560/P02751/P02042/P68871/P02100/P69892/P34931/Q6S8J3/A5A3E0/P04264/P06396/P62195/Q08380/P02768",30
"GO:0005791","GO:0005791","rough endoplasmic reticulum","22/1560","121/29171",4.2542390838866e-07,4.8382956360812e-06,2.78555886491772e-06,"P10809/O00469/P27824/Q02809/P51571/P04843/O60568/Q9Y5M8/P61106/Q02818/P49458/Q96A33/P04844/Q13217/Q8TCT9/Q99442/P61619/P49768/P30533/O95793/P08240/P05067",22
"GO:0016469","GO:0016469","proton-transporting two-sector ATPase complex","17/1560","77/29171",5.05193038879053e-07,5.64974215146408e-06,3.25273412751952e-06,"P48047/O75947/P06576/P25705/O75964/P30049/P56134/P56378/P61421/P36542/P56385/P30405/P24539/P21281/Q15904/P15313/P38606",17
"GO:0030126","GO:0030126","COPI vesicle coat","9/1560","21/29171",5.71973379391356e-07,6.29170717330492e-06,3.62233356750005e-06,"Q9Y678/O14579/P53618/P61923/P53621/P48444/Q96KG9/Q9UBF2/P35606",9
"GO:0005685","GO:0005685","U1 snRNP","11/1560","33/29171",6.41136012182297e-07,6.93874619636002e-06,3.99485426945506e-06,"P62304/P62316/P62318/P08621/P62306/P62314/P09012/P14678/P63162/Q9Y383/O75400",11
"GO:0046540","GO:0046540","U4/U6 x U5 tri-snRNP complex","10/1560","27/29171",6.78516352996452e-07,7.22673766445427e-06,4.16066000918459e-06,"P62304/P62316/O95777/Q9Y333/O43172/P14678/P63162/O43290/Q8WWY3/O94906",10
"GO:0005643","GO:0005643","nuclear pore","21/1560","116/29171",8.32614704766698e-07,8.72944479528835e-06,5.02581573436477e-06,"P63241/P55735/O00629/P52292/Q14764/O00505/Q6IS14/Q9GZV4/Q14974/P46060/P62826/O15131/O60684/P52294/P57740/O00410/P12270/Q8N1F7/O75694/P49790/P52948",21
"GO:0043292","GO:0043292","contractile fiber","49/1560","437/29171",8.94932039867708e-07,9.2384522884805e-06,5.31886734625828e-06,"P05787/P08727/P63261/P04075/P68032/P68133/P62736/Q15149/P12814/O14950/Q01082/O43707/P08758/O75369/Q13813/P06733/P24844/Q05682/Q9NVD7/P04792/Q9Y281/P14649/Q09666/P49257/P07951/Q14315/P35609/P67936/P09493/P17661/P84077/O75190/P35222/O75880/Q96HC4/P49810/Q9HBI1/P06753/P35659/Q9NYL9/O14974/Q13418/Q8WX93/Q0ZGT2/P14923/O14983/P18206/P35749/Q03001",49
"GO:0005832","GO:0005832","chaperonin-containing T-complex","9/1560","22/29171",9.21898973402656e-07,9.372639562927e-06,5.39612317765191e-06,"P78371/P40227/Q99832/P50990/P49368/P50991/P17987/P48643/Q92526",9
"GO:0031597","GO:0031597","cytosolic proteasome complex","8/1560","17/29171",1.0347433936381e-06,1.03628778676293e-05,5.96623449277585e-06,"P62333/P43686/P62191/O00487/P17980/P62195/P35998/Q99460",8
"GO:0030117","GO:0030117","membrane coat","25/1560","162/29171",1.75954737676448e-06,1.71109607218691e-05,9.85131788363942e-06,"Q9Y678/Q13492/O14579/P53618/Q10567/Q00610/P61923/P63010/O95782/O94979/O94855/P09496/O94973/P53621/P48444/Q15436/Q96KG9/P53992/O95486/Q9UBF2/P35606/O00203/P00533/P11717/P53675",25
"GO:0048475","GO:0048475","coated membrane","25/1560","162/29171",1.75954737676448e-06,1.71109607218691e-05,9.85131788363942e-06,"Q9Y678/Q13492/O14579/P53618/Q10567/Q00610/P61923/P63010/O95782/O94979/O94855/P09496/O94973/P53621/P48444/Q15436/Q96KG9/P53992/O95486/Q9UBF2/P35606/O00203/P00533/P11717/P53675",25
"GO:0030134","GO:0030134","ER to Golgi transport vesicle","23/1560","143/29171",2.18449668652197e-06,2.09399610950892e-05,1.20557937436626e-05,"O75396/P13987/P61769/P49755/P10321/P55735/P30460/P01889/P49257/P04439/P30443/O94979/O94855/O14653/Q15363/Q9Y6B6/Q15436/Q9H0V9/P53992/Q08379/P05067/O95486/Q5VYK3",23
"GO:0000313","GO:0000313","organellar ribosome","19/1560","104/29171",2.37572426388033e-06,2.21404302925514e-05,1.27469415912877e-05,"Q8IXM3/Q9Y2R5/P51398/O95182/Q16540/P52815/Q9NQ50/Q96GC5/Q7Z7H8/Q9NRX2/Q9Y3B7/Q13405/Q9Y2Q9/Q13084/P49406/Q9NYK5/P82650/Q92665/P82933",19
"GO:0005761","GO:0005761","mitochondrial ribosome","19/1560","104/29171",2.37572426388033e-06,2.21404302925514e-05,1.27469415912877e-05,"Q8IXM3/Q9Y2R5/P51398/O95182/Q16540/P52815/Q9NQ50/Q96GC5/Q7Z7H8/Q9NRX2/Q9Y3B7/Q13405/Q9Y2Q9/Q13084/P49406/Q9NYK5/P82650/Q92665/P82933",19
"GO:0005811","GO:0005811","lipid particle","20/1560","114/29171",2.5088224899792e-06,2.30605464489869e-05,1.32766813817212e-05,"P07355/P04406/P61224/P51149/Q07065/P51148/P55072/Q03135/Q96CS3/Q9H4M9/Q12931/P00387/Q15738/Q8NF37/O60664/Q9UMS4/O60488/O95573/P48449/Q92538",20
"GO:0034399","GO:0034399","nuclear periphery","32/1560","244/29171",2.71218637361455e-06,2.4592933198586e-05,1.41589245962524e-05,"P05787/P02545/Q99623/Q9Y265/P23246/P20700/Q13838/Q15233/P23528/Q03252/P43243/Q9Y281/P52272/Q7RTV0/Q8WXF1/Q92973/Q14974/Q9Y230/P09486/P57740/O00410/O75475/O75400/O14787/P12270/Q14980/Q8IYB3/P29590/Q9UPN6/Q8N1F7/P49790/P52948",32
"GO:0005765","GO:0005765","lysosomal membrane","52/1560","494/29171",2.79163944087206e-06,2.46472376950678e-05,1.41901894016627e-05,"P07355/P68104/P61019/P51149/P51148/P11142/P62873/O15400/Q05639/P62879/Q9UHA4/P61421/P62987/P08754/P61106/Q01628/P15144/P63096/Q10567/Q00610/Q9Y2Q5/Q09666/P63010/O95782/Q96QK1/Q9HAV0/Q6IAA8/Q8WWB7/P20645/P46459/P09496/P13473/O94973/P11279/P08133/Q14108/P08962/P21281/P12109/P42892/P07602/Q92542/Q9BTU6/P49768/P22413/Q9UIQ6/O75955/P04062/P38606/Q07954/O00203/P11717",52
"GO:0098852","GO:0098852","lytic vacuole membrane","52/1560","494/29171",2.79163944087206e-06,2.46472376950678e-05,1.41901894016627e-05,"P07355/P68104/P61019/P51149/P51148/P11142/P62873/O15400/Q05639/P62879/Q9UHA4/P61421/P62987/P08754/P61106/Q01628/P15144/P63096/Q10567/Q00610/Q9Y2Q5/Q09666/P63010/O95782/Q96QK1/Q9HAV0/Q6IAA8/Q8WWB7/P20645/P46459/P09496/P13473/O94973/P11279/P08133/Q14108/P08962/P21281/P12109/P42892/P07602/Q92542/Q9BTU6/P49768/P22413/Q9UIQ6/O75955/P04062/P38606/Q07954/O00203/P11717",52
"GO:0034663","GO:0034663","endoplasmic reticulum chaperone complex","8/1560","19/29171",2.92162477556307e-06,2.54598730441925e-05,1.46580491132146e-05,"P23284/P11021/P14625/P07237/Q15084/Q9Y4L1/Q9UBS4/Q8IXB1",8
"GO:0044449","GO:0044449","contractile fiber part","45/1560","407/29171",3.57449933099597e-06,3.07498596294654e-05,1.77036606541906e-05,"P05787/P08727/P04075/P68032/P68133/P62736/Q15149/P12814/O14950/Q01082/O43707/P08758/O75369/Q13813/P06733/P24844/Q9NVD7/P04792/Q9Y281/P14649/Q09666/P49257/P07951/Q14315/P35609/P67936/P09493/P17661/P84077/O75190/P35222/Q96HC4/P49810/Q9HBI1/P06753/Q9NYL9/O14974/Q13418/Q8WX93/Q0ZGT2/P14923/O14983/P18206/P35749/Q03001",45
"GO:0005916","GO:0005916","fascia adherens","9/1560","26/29171",4.76623966458254e-06,4.04828710751251e-05,2.33072612511898e-05,"P12814/Q13813/P17661/P35222/P19022/P14923/Q9UI47/P18206/Q9Y4G6",9
"GO:0032432","GO:0032432","actin filament bundle","20/1560","119/29171",4.96404558604799e-06,4.16359323529775e-05,2.39711148694686e-05,"P68133/P21333/P12814/O14950/O43707/O75369/Q9NVA2/P24844/Q16181/Q9UHD8/Q99439/Q9UHB6/Q9NR12/P67936/P09493/Q6ZTI6/P35579/P06753/Q13418/Q7Z406",20
"GO:0030016","GO:0030016","myofibril","45/1560","419/29171",7.62965367001975e-06,6.32036742294229e-05,3.63883417400552e-05,"P05787/P08727/P63261/P04075/P68032/P68133/Q15149/P12814/O14950/Q01082/O43707/P08758/O75369/Q13813/P06733/P24844/Q05682/Q9NVD7/P04792/Q9Y281/Q09666/P49257/P07951/Q14315/P35609/P67936/P09493/P17661/P84077/O75190/P35222/O75880/Q96HC4/P49810/Q9HBI1/P06753/Q9NYL9/O14974/Q13418/Q8WX93/Q0ZGT2/P14923/O14983/P18206/Q03001",45
"GO:0045335","GO:0045335","phagocytic vesicle","24/1560","165/29171",8.00975455555936e-06,6.55432354485406e-05,3.77353006661141e-05,"Q15907/P51149/P62491/P61769/Q86Y82/P61421/P10321/P61106/P30460/P01889/P04439/P30443/P15153/P13473/P11279/P20339/Q13636/Q9UL26/P18084/P06756/P61006/P61026/Q14964/O75044",24
"GO:0042382","GO:0042382","paraspeckles","6/1560","11/29171",8.48041766000474e-06,6.85585572272672e-05,3.94713161854374e-05,"O43809/P23246/Q15233/P52272/Q8WXF1/Q16630",6
"GO:0031595","GO:0031595","nuclear proteasome complex","7/1560","16/29171",9.20828009027191e-06,7.35566183401482e-05,4.23488570567643e-05,"P62333/P43686/P62191/P17980/P62195/P35998/O00232",7
"GO:0005938","GO:0005938","cell cortex","50/1560","493/29171",1.19789711041057e-05,9.39236471628857e-05,5.40747956840208e-05,"P08727/P07355/P68104/P21333/P61978/Q01082/Q15019/O43707/O75369/Q13813/P15311/P61586/P61160/P07737/Q16181/Q16643/P19338/Q9UHD8/Q05682/Q12797/P35241/P23528/Q03135/Q15691/P47755/P35609/P67936/P35222/Q14247/P35579/A5A3E0/P61026/P49810/P06396/P06753/Q14141/O75955/Q01518/Q14254/Q15642/Q9P0K7/P19022/O15020/Q9UPT5/Q14980/P11277/Q96KP1/P18206/P46939/Q03001",50
"GO:0042641","GO:0042641","actomyosin","20/1560","126/29171",1.20379041073147e-05,9.39236471628857e-05,5.40747956840208e-05,"P68032/P68133/P12814/O14950/O43707/O75369/Q9NVA2/P24844/Q16181/Q16643/Q9UHD8/Q99439/Q9UHB6/Q9NR12/P67936/P09493/P35579/P06753/Q13418/Q7Z406",20
"GO:0012507","GO:0012507","ER to Golgi transport vesicle membrane","19/1560","116/29171",1.24476797831587e-05,9.60045187873503e-05,5.52728188798456e-05,"O75396/P13987/P61769/P49755/P10321/P55735/P30460/P01889/P49257/P04439/P30443/O94979/O94855/O14653/Q15363/Q9Y6B6/Q15436/P53992/O95486",19
"GO:0008540","GO:0008540","proteasome regulatory particle, base subcomplex","7/1560","17/29171",1.49297557779156e-05,0.000113839387806606,6.55409135226676e-05,"P62333/P43686/P62191/P17980/P62195/P35998/Q99460",7
"GO:0001726","GO:0001726","ruffle","36/1560","315/29171",1.58846355116361e-05,0.000118040112267265,6.79594026230864e-05,"P07355/P68104/P12814/P23396/P05556/P15311/P06703/P35241/P23528/P31949/P08648/P07900/Q9Y490/Q9NR12/P63000/P15531/P50570/P09493/P22392/P18085/Q9UNF0/P20339/Q9UL26/P21281/Q14247/P35579/P06756/Q9Y6W5/P06396/P63092/Q9Y5X1/P46940/Q5JWF2/Q8WX93/Q9UPN3/Q9Y4G6",36
"GO:0005750","GO:0005750","mitochondrial respiratory chain complex III","6/1560","12/29171",1.61900297663413e-05,0.000118040112267265,6.79594026230864e-05,"P31930/Q9UDW1/P22695/O75439/P14927/P47985",6
"GO:0045275","GO:0045275","respiratory chain complex III","6/1560","12/29171",1.61900297663413e-05,0.000118040112267265,6.79594026230864e-05,"P31930/Q9UDW1/P22695/O75439/P14927/P47985",6
"GO:0001725","GO:0001725","stress fiber","18/1560","108/29171",1.63602540102171e-05,0.000118040112267265,6.79594026230864e-05,"P68133/P12814/O14950/O43707/O75369/Q9NVA2/P24844/Q16181/Q9UHD8/Q99439/Q9UHB6/Q9NR12/P67936/P09493/P35579/P06753/Q13418/Q7Z406",18
"GO:0097517","GO:0097517","contractile actin filament bundle","18/1560","108/29171",1.63602540102171e-05,0.000118040112267265,6.79594026230864e-05,"P68133/P12814/O14950/O43707/O75369/Q9NVA2/P24844/Q16181/Q9UHD8/Q99439/Q9UHB6/Q9NR12/P67936/P09493/P35579/P06753/Q13418/Q7Z406",18
"GO:0071011","GO:0071011","precatalytic spliceosome","10/1560","37/29171",1.71522395259721e-05,0.00012243779491412,7.04912867416772e-05,"P62304/P62316/P62318/P08621/P62314/Q9Y333/Q7RTV0/Q9Y3B4/Q8WWY3/Q13435",10
"GO:0030660","GO:0030660","Golgi-associated vesicle membrane","15/1560","80/29171",1.93974677732595e-05,0.000137007377640601,7.88794534380745e-05,"Q9Y678/O14579/P53618/Q00610/P61923/O95782/P09496/Q15363/P53621/P48444/Q96KG9/Q8N6T3/Q9UBF2/P35606/P53675",15
"GO:0030666","GO:0030666","endocytic vesicle membrane","35/1560","307/29171",2.18054598833137e-05,0.000152411078976078,8.7747848433949e-05,"Q15907/P51149/P61769/Q13492/P61421/P62987/P10321/P30460/P62979/Q03135/Q10567/Q00610/P01889/P63010/P04439/Q13557/O95782/P30443/P15153/P0CG47/P13473/O94973/P50570/P11279/Q13636/Q9UL26/Q13555/P61006/P61026/Q14964/Q13554/Q9UQM7/P0CG48/Q07954/P00533",35
"GO:0005684","GO:0005684","U2-type spliceosomal complex","12/1560","54/29171",2.21456216831612e-05,0.000153076347398459,8.81308643740442e-05,"P62318/P08621/P62314/P26368/Q9Y3B4/P14678/P63162/Q9Y383/Q15459/Q8WWY3/O75400/Q13435",12
"GO:0002199","GO:0002199","zona pellucida receptor complex","8/1560","24/29171",2.23569031967943e-05,0.000153076347398459,8.81308643740442e-05,"P78371/Q99832/P50990/P49368/P50991/P17987/P48643/P34931",8
"GO:0031968","GO:0031968","organelle outer membrane","38/1560","350/29171",2.97243249265058e-05,0.000201464868946317,0.000115989657076317,"P21796/Q99623/Q99536/Q9Y6C9/O00571/P42704/O96008/Q9Y3D6/P50402/P55084/P19367/P45880/O94826/O75431/Q15388/Q15785/P00387/O43169/P00167/Q8N5K1/P04156/P15531/Q9BVC6/O00429/Q9GZY8/Q6NUM9/P49768/Q7Z434/Q53H12/Q00005/Q8IXI1/P09543/O60313/O60488/O95573/Q6SZW1/P52789/Q02846",38
"GO:0044291","GO:0044291","cell-cell contact zone","20/1560","135/29171",3.38428380738796e-05,0.000227085443475732,0.000130740227085408,"P12814/P05556/P08758/Q13813/P35221/Q09666/Q13557/P61225/P17661/P08133/P35222/P16615/O75955/Q07157/Q14254/P19022/P14923/Q9UI47/P18206/Q9Y4G6",20
"GO:0030140","GO:0030140","trans-Golgi network transport vesicle","11/1560","48/29171",3.56883379704626e-05,0.000237097770080994,0.000136504638198643,"P49755/P61106/Q9BVK6/Q00610/O00194/O95782/P09496/O43493/P61006/P11717/P53675",11
"GO:0005682","GO:0005682","U5 snRNP","8/1560","26/29171",4.31479071633505e-05,0.000283845546143217,0.000163418802156343,"P62304/P62316/P62318/P62314/P14678/P63162/O75643/O94906",8
"GO:0030864","GO:0030864","cortical actin cytoskeleton","19/1560","127/29171",4.591355722083e-05,0.000299106765972592,0.000172205166070972,"P08727/P68104/Q01082/Q13813/P61160/Q05682/P35241/P23528/P35609/P35579/P06396/O75955/Q01518/Q14254/P19022/O15020/P11277/P18206/P46939",19
"GO:0030017","GO:0030017","sarcomere","39/1560","372/29171",5.11660384470162e-05,0.000330119344211037,0.000190060082085576,"P05787/P08727/P04075/P68032/P68133/P12814/O14950/Q01082/O43707/P08758/O75369/Q13813/P06733/P24844/Q9NVD7/P04792/Q9Y281/P49257/P07951/Q14315/P35609/P67936/P09493/P17661/P84077/O75190/P35222/Q96HC4/P49810/Q9HBI1/P06753/Q9NYL9/O14974/Q13418/Q8WX93/Q0ZGT2/P14923/O14983/Q03001",39
"GO:0005719","GO:0005719","nuclear euchromatin","10/1560","42/29171",5.67446419908991e-05,0.000362625283579936,0.000208774773039198,"P0C0S5/P16402/P16403/Q02539/Q6NXT2/P38159/Q13185/Q13263/Q9Y230/P35222",10
"GO:0019867","GO:0019867","outer membrane","38/1560","361/29171",5.82030474232493e-05,0.000368436271896229,0.000212120341651763,"P21796/Q99623/Q99536/Q9Y6C9/O00571/P42704/O96008/Q9Y3D6/P50402/P55084/P19367/P45880/O94826/O75431/Q15388/Q15785/P00387/O43169/P00167/Q8N5K1/P04156/P15531/Q9BVC6/O00429/Q9GZY8/Q6NUM9/P49768/Q7Z434/Q53H12/Q00005/Q8IXI1/P09543/O60313/O60488/O95573/Q6SZW1/P52789/Q02846",38
"GO:0000502","GO:0000502","proteasome complex","19/1560","131/29171",7.07180257309793e-05,0.000443474722107356,0.000255322335890501,"P55072/P51665/P04792/P62333/O00231/P48556/Q16186/P43686/P62191/O00487/Q9UL46/Q9UBV2/P17980/P62195/P35998/P54578/O00232/Q99460/Q5VYK3",19
"GO:0030670","GO:0030670","phagocytic vesicle membrane","17/1560","110/29171",7.48403853160761e-05,0.000464980542102658,0.000267703912387914,"Q15907/P51149/P61769/P61421/P10321/P30460/P01889/P04439/P30443/P15153/P13473/P11279/Q13636/Q9UL26/P61006/P61026/Q14964",17
"GO:0033178","GO:0033178","proton-transporting two-sector ATPase complex, catalytic domain","8/1560","28/29171",7.80032636638321e-05,0.000480185228609462,0.000276457728291901,"P06576/P25705/P30049/P36542/P21281/Q15904/P15313/P38606",8
"GO:0030027","GO:0030027","lamellipodium","37/1560","353/29171",7.90476670605111e-05,0.000482190769069118,0.000277612380968494,"P61158/P68032/P68133/P62736/P63267/O15145/P05556/P61586/P35221/Q9H299/P35241/P23528/Q9NZI8/O60716/Q9ULV4/P15153/P60763/P63000/Q8IZP0/P50570/P22392/P26232/P35222/Q14247/P06756/P50552/Q9Y6W5/P06396/Q9HBI1/Q13418/O75955/Q14254/Q8WX93/P19022/P05067/Q9UI47/O75044",37
"GO:0000784","GO:0000784","nuclear chromosome, telomeric region","24/1560","192/29171",9.88726942070237e-05,0.000597689890206422,0.000344108855134924,"P62805/Q96QV6/P36873/P62136/P68431/P84243/P33778/P62140/O75367/Q9UH99/Q86V81/Q00577/Q13185/Q96A08/P45973/P09874/P27695/P12956/P13010/P39748/P05455/Q6P1J9/Q96QC0/P29590",24
"GO:0031970","GO:0031970","organelle envelope lumen","21/1560","158/29171",0.000109947627909135,0.000658704092205622,0.000379236648897111,"P07437/Q9UJZ1/P34897/P14854/P28331/P99999/P54819/Q9Y5L4/O43920/Q12931/Q9H4A6/O14925/Q9Y3B8/P36551/O95831/Q8TCS8/P50336/P04040/O60313/P05067/P11717",21
"GO:0070069","GO:0070069","cytochrome complex","8/1560","30/29171",0.000133494865768445,0.000792699601155987,0.000456382074867436,"P31930/Q9UDW1/P22695/O75439/O00483/P14927/P13073/P47985",8
"GO:0000276","GO:0000276","mitochondrial proton-transporting ATP synthase complex, coupling factor F(o)","5/1560","11/29171",0.000153054236965968,0.000900871868457582,0.000518660248998247,"O75947/O75964/P56134/P56385/P24539",5
"GO:0014704","GO:0014704","intercalated disc","16/1560","106/29171",0.000159982410388363,0.000933462585831233,0.00053742374931377,"P12814/P05556/P08758/Q13813/P35221/Q13557/P17661/P08133/P35222/P16615/Q07157/P19022/P14923/Q9UI47/P18206/Q9Y4G6",16
"GO:0016234","GO:0016234","inclusion body","19/1560","140/29171",0.000173812632124357,0.00100541617375382,0.000578849691376035,"Q15907/P13639/Q13492/P08238/P0DMV8/P0DMV9/Q13501/P43686/Q86U42/Q99442/P49768/Q9UL15/P62195/P12270/P12036/Q9H0D6/P07197/P49790/P52948",19
"GO:0005777","GO:0005777","peroxisome","26/1560","224/29171",0.000176954203237078,0.0010062395794244,0.000579323751900158,"P08670/P30044/Q9Y3D6/Q9NY65/Q9Y2Q3/O75521/Q03135/O00116/P22307/P35914/Q9UBQ7/Q15067/P09110/P48735/P84077/P51659/O00429/Q9GZY8/Q13011/Q7Z434/Q6YN16/P04040/O60488/O95573/A5YKK6/Q92538",26
"GO:0042579","GO:0042579","microbody","26/1560","224/29171",0.000176954203237078,0.0010062395794244,0.000579323751900158,"P08670/P30044/Q9Y3D6/Q9NY65/Q9Y2Q3/O75521/Q03135/O00116/P22307/P35914/Q9UBQ7/Q15067/P09110/P48735/P84077/P51659/O00429/Q9GZY8/Q13011/Q7Z434/Q6YN16/P04040/O60488/O95573/A5YKK6/Q92538",26
"GO:0031965","GO:0031965","nuclear membrane","46/1560","497/29171",0.000228998502624738,0.00129124365765713,0.000743409557393001,"P02545/P04406/P67809/P42704/O14656/Q86UE4/P20700/P50402/P42167/Q9BTV4/Q5JTV8/Q03252/P43243/Q9Y3D9/Q9UH99/O95168/O00299/Q13185/Q92973/Q14974/Q9BVC6/P46060/P42166/P49810/Q6NUM9/O14657/P49406/P49768/Q8NFQ8/P57740/O00410/Q16352/Q8TB72/Q9BZE4/O14787/P12270/P29590/Q93084/O14980/Q8N1F7/Q02846/O75694/P49790/P00533/P52948/Q8TDY2",46
"GO:0005833","GO:0005833","hemoglobin complex","6/1560","18/29171",0.000246319208566304,0.00137733490789992,0.000792974995998541,"P00387/P02042/P68871/P02100/P69891/P69892",6
"GO:0070937","GO:0070937","CRD-mediated mRNA stability complex","5/1560","12/29171",0.000250814384965701,0.00137947911731136,0.000794209484749028,"P67809/O60506/Q9NZI8/Q00839/Q08211",5
"GO:0072357","GO:0072357","PTW/PP1 phosphatase complex","5/1560","12/29171",0.000250814384965701,0.00137947911731136,0.000794209484749028,"P36873/P62136/P62140/O14974/Q96QC0",5
"GO:0034709","GO:0034709","methylosome","7/1560","25/29171",0.00025297808226732,0.0013800674244014,0.000794548191631208,"P62304/P62316/P62318/P62306/P62314/P84090/P14678",7
"GO:0071010","GO:0071010","prespliceosome","9/1560","42/29171",0.000313536925213058,0.00169663932917711,0.000976808587038985,"P62318/P08621/P62314/P26368/P14678/P63162/Q9Y383/Q15459/O75400",9
"GO:0032154","GO:0032154","cleavage furrow","14/1560","91/29171",0.000329301644476987,0.0017536619320957,0.00100963829175484,"P62491/Q15019/P05556/P36873/P08134/P61586/Q16181/Q9UL25/P35241/Q9UHB6/P62745/P35579/P06753/Q14141",14
"GO:0097610","GO:0097610","cell surface furrow","14/1560","91/29171",0.000329301644476987,0.0017536619320957,0.00100963829175484,"P62491/Q15019/P05556/P36873/P08134/P61586/Q16181/Q9UL25/P35241/Q9UHB6/P62745/P35579/P06753/Q14141",14
"GO:0030867","GO:0030867","rough endoplasmic reticulum membrane","8/1560","34/29171",0.000342175373708708,0.00180787146266569,0.00104084842230498,"O00469/Q02809/P51571/O60568/Q9Y5M8/P49458/Q13217/P08240",8
"GO:0005758","GO:0005758","mitochondrial intermembrane space","18/1560","136/29171",0.000348241920071381,0.00182554944037419,0.00105102618968912,"Q9UJZ1/P34897/P14854/P28331/P99999/P54819/Q9Y5L4/O43920/Q12931/Q9H4A6/O14925/Q9Y3B8/P36551/O95831/Q8TCS8/P50336/P04040/O60313",18
"GO:0005741","GO:0005741","mitochondrial outer membrane","32/1560","313/29171",0.000362265542125928,0.00187991288446914,0.00108232493309307,"P21796/Q99623/Q99536/Q9Y6C9/O00571/O96008/Q9Y3D6/P55084/P19367/P45880/O94826/O75431/Q15388/Q15785/P00387/O43169/P00167/Q8N5K1/P04156/P15531/O00429/Q9GZY8/Q7Z434/Q53H12/Q00005/Q8IXI1/P09543/O60313/O60488/O95573/Q6SZW1/P52789",32
"GO:0005913","GO:0005913","cell-cell adherens junction","17/1560","125/29171",0.000364215610999982,0.00187991288446914,0.00108232493309307,"P12814/Q13813/P35221/O60716/P41217/P17661/P26232/P35222/P35579/O75955/Q07157/Q14254/P19022/P14923/Q9UI47/P18206/Q9Y4G6",17
"GO:0000791","GO:0000791","euchromatin","10/1560","52/29171",0.000374909965178701,0.00189146305740532,0.00108897473067339,"P0C0S5/P16402/P16403/Q02539/Q6NXT2/P38159/Q13185/Q13263/Q9Y230/P35222",10
"GO:0008305","GO:0008305","integrin complex","10/1560","52/29171",0.000374909965178701,0.00189146305740532,0.00108897473067339,"P05556/P17301/P23229/P08648/P35579/P18084/P06756/P26006/P20701/Q13349",10
"GO:0098636","GO:0098636","protein complex involved in cell adhesion","10/1560","52/29171",0.000374909965178701,0.00189146305740532,0.00108897473067339,"P05556/P17301/P23229/P08648/P35579/P18084/P06756/P26006/P20701/Q13349",10
"GO:0032040","GO:0032040","small-subunit processome","9/1560","43/29171",0.000377891993116186,0.0018922800550818,0.00108944510191391,"P62081/Q9Y2X3/O00567/P22087/Q13601/Q9Y5J1/Q5TAP6/Q9BVJ6/Q8NI36",9
"GO:0005852","GO:0005852","eukaryotic translation initiation factor 3 complex","7/1560","27/29171",0.000425426501362772,0.00211452727714385,0.00121739981286657,"O00571/P60228/Q13347/O00303/Q14152/B5ME19/Q99613",7
"GO:0031674","GO:0031674","I band","28/1560","263/29171",0.000431063078766347,0.00212678916067808,0.00122445936460719,"P05787/P08727/P04075/P68032/P12814/O14950/O43707/P08758/O75369/Q13813/P24844/Q9NVD7/P04792/Q9Y281/Q14315/P35609/P17661/O75190/P35222/Q96HC4/P49810/Q9HBI1/O14974/Q8WX93/Q0ZGT2/P14923/O14983/Q03001",28
"GO:0000315","GO:0000315","organellar large ribosomal subunit","9/1560","44/29171",0.000452746769497552,0.00220139914733954,0.00126741467891382,"Q8IXM3/Q16540/P52815/Q7Z7H8/Q9NRX2/Q9Y3B7/Q13405/Q13084/P49406",9
"GO:0005762","GO:0005762","mitochondrial large ribosomal subunit","9/1560","44/29171",0.000452746769497552,0.00220139914733954,0.00126741467891382,"Q8IXM3/Q16540/P52815/Q7Z7H8/Q9NRX2/Q9Y3B7/Q13405/Q13084/P49406",9
"GO:0005884","GO:0005884","actin filament","20/1560","164/29171",0.000500831621037069,0.00241768358068974,0.00139193642499511,"P63261/P68032/P68133/P21333/P12814/P15311/Q9UBI6/P15153/P60763/P63000/P35609/P67936/P09493/Q08043/Q96IZ0/Q14247/P06753/Q96EY1/P46940/Q8WX93",20
"GO:0098644","GO:0098644","complex of collagen trimers","10/1560","54/29171",0.000514662853102058,0.00245945366372492,0.00141598477462867,"P02452/P12111/P02461/P08123/P12109/P02462/P02458/P08572/P20908/P12107",10
"GO:0019897","GO:0019897","extrinsic component of plasma membrane","28/1560","266/29171",0.000516815151393762,0.00245945366372492,0.00141598477462867,"P07355/P04083/P04899/P62873/Q9UJZ1/P35221/P08754/P06703/Q9UBI6/P63096/P63000/Q96A08/P07093/Q08431/P35222/P11488/P09471/P19087/A8MTJ3/P63092/Q96EY1/P16615/Q9Y5X1/P46940/Q5JWF2/P19022/P14923/A0FGR8",28
"GO:0070688","GO:0070688","MLL5-L complex","5/1560","14/29171",0.000579458872881313,0.00271899932659693,0.00156541337024249,"P60709/P36873/P62136/P62140/P51610",5
"GO:0072546","GO:0072546","ER membrane protein complex","5/1560","14/29171",0.000579458872881313,0.00271899932659693,0.00156541337024249,"Q8N4V1/Q15006/Q5J8M3/Q5UCC4/Q8N766",5
"GO:0008287","GO:0008287","protein serine/threonine phosphatase complex","12/1560","75/29171",0.000598307808939631,0.00276872096412753,0.00159403967971575,"P36873/P62136/P62140/P99999/P30153/P62714/P67775/Q00005/Q66LE6/O14974/P63151/Q96QC0",12
"GO:1903293","GO:1903293","phosphatase complex","12/1560","75/29171",0.000598307808939631,0.00276872096412753,0.00159403967971575,"P36873/P62136/P62140/P99999/P30153/P62714/P67775/Q00005/Q66LE6/O14974/P63151/Q96QC0",12
"GO:0034719","GO:0034719","SMN-Sm protein complex","7/1560","29/29171",0.000680771575519003,0.00312875155598117,0.00180132060717717,"P62304/P62316/P62318/P62306/P62314/Q9Y3F4/P14678",7
"GO:0019898","GO:0019898","extrinsic component of membrane","44/1560","494/29171",0.000692913503348381,0.00316289088943377,0.00182097569444222,"P07355/P51149/P04083/P26038/P04899/P62873/Q9UJZ1/O14656/P15311/P35221/P08754/P06703/Q9UBI6/P35241/Q02818/P63096/P04156/P63000/Q9Y3D7/Q03405/Q96A08/P07093/Q9NZN4/Q08431/Q9UNF0/P35222/P11488/P09471/P19087/A8MTJ3/P63092/Q96EY1/Q9Y5X2/P16615/Q9Y5X1/P46940/O60313/Q5JWF2/P19022/P14923/P12270/Q6SZW1/A0FGR8/P29590",44
"GO:0005834","GO:0005834","heterotrimeric G-protein complex","11/1560","66/29171",0.000702073739898693,0.00318305053697313,0.00183258223714666,"P04899/P62873/P08754/Q9UBI6/P63096/P11488/P09471/P19087/A8MTJ3/P63092/Q5JWF2",11
"GO:0030684","GO:0030684","preribosome","11/1560","67/29171",0.000799984723573214,0.00360261576857467,0.00207413912787969,"P08865/P62081/Q9Y2X3/Q15050/O00567/P22087/Q13601/Q9Y5J1/Q5TAP6/Q9BVJ6/Q8NI36",11
"GO:0033116","GO:0033116","endoplasmic reticulum-Golgi intermediate compartment membrane","14/1560","100/29171",0.000871474182453246,0.00389839450950752,0.00224442824533573,"P61019/Q12907/O75396/P13987/Q9H0U4/P49755/Q969X5/Q9BVK6/P49257/O14653/O15260/Q15363/Q9Y282/Q08379",14
"GO:0030132","GO:0030132","clathrin coat of coated pit","7/1560","31/29171",0.00104444146172762,0.00464119351535914,0.00267208097911492,"Q13492/Q00610/P63010/O95782/P09496/O94973/P00533",7
"GO:0042588","GO:0042588","zymogen granule","6/1560","23/29171",0.00106391062355979,0.0046659086824093,0.00268631027758132,"P10809/P49755/P08754/P63027/O00194/Q15363",6
"GO:0045239","GO:0045239","tricarboxylic acid cycle enzyme complex","6/1560","23/29171",0.00106391062355979,0.0046659086824093,0.00268631027758132,"P36957/P07954/Q02218/P09622/P11182/Q9ULD0",6
"GO:0000781","GO:0000781","chromosome, telomeric region","25/1560","239/29171",0.00109457701724712,0.00476922843229103,0.0027457947049193,"P62805/Q96QV6/P16104/P36873/P62136/P68431/P84243/P33778/P62140/O75367/Q9UH99/Q86V81/Q00577/Q13185/Q96A08/P45973/P09874/P27695/P12956/P13010/P39748/P05455/Q6P1J9/Q96QC0/P29590",25
"GO:0030127","GO:0030127","COPII vesicle coat","5/1560","16/29171",0.00115580766420178,0.00497145476076536,0.0028622227581785,"O94979/O94855/Q15436/P53992/O95486",5
"GO:0045263","GO:0045263","proton-transporting ATP synthase complex, coupling factor F(o)","5/1560","16/29171",0.00115580766420178,0.00497145476076536,0.0028622227581785,"O75947/O75964/P56134/P56385/P24539",5
"GO:0005790","GO:0005790","smooth endoplasmic reticulum","10/1560","60/29171",0.00121265944107461,0.00518276742013418,0.00298388209771628,"P23284/P11021/P27824/P27797/P30040/Q9Y4L1/Q13217/Q15436/P49768/P05067",10
"GO:0000776","GO:0000776","kinetochore","22/1560","204/29171",0.00142902661632606,0.00606884088325813,0.00349402243965132,"Q15019/P36873/Q16181/P55735/O43670/O43684/Q9Y6G9/P46060/P45973/Q7Z7K6/P49810/P48729/P49768/O43264/Q14141/Q13561/O14974/P57740/Q14203/P12270/O14980/P52948",22
"GO:0000159","GO:0000159","protein phosphatase type 2A complex","7/1560","33/29171",0.00154543523721534,0.00652193109541821,0.00375488071537922,"P99999/P30153/P62714/P67775/Q00005/Q66LE6/P63151",7
"GO:0044232","GO:0044232","organelle membrane contact site","5/1560","17/29171",0.00156573593603372,0.00656630508174143,0.00378042821397616,"P27824/Q9BSJ8/Q15388/O60488/A0FGR8",5
"GO:0005844","GO:0005844","polysome","11/1560","73/29171",0.00165398015106277,0.00689329615753491,0.00396868725361254,"P62701/P23396/P13639/P27797/P35637/P22090/P62424/P16989/Q9Y295/Q9Y2T7/Q8NE71",11
"GO:0005583","GO:0005583","fibrillar collagen trimer","6/1560","25/29171",0.00170288568861637,0.00696729449427795,0.00401129042183702,"P02452/P02461/P08123/P02458/P20908/P12107",6
"GO:0016282","GO:0016282","eukaryotic 43S preinitiation complex","6/1560","25/29171",0.00170288568861637,0.00696729449427795,0.00401129042183702,"P60228/Q13347/O00303/Q14152/B5ME19/Q99613",6
"GO:0098643","GO:0098643","banded collagen fibril","6/1560","25/29171",0.00170288568861637,0.00696729449427795,0.00401129042183702,"P02452/P02461/P08123/P02458/P20908/P12107",6
"GO:0031901","GO:0031901","early endosome membrane","21/1560","195/29171",0.00184164574255022,0.00748043174752961,0.0043067196663948,"P04083/P51148/O15400/P61769/P10321/P61106/Q9UL25/P30460/Q03135/P01889/Q8N4V1/Q9H4M9/P04439/P30443/P63000/P20339/P61020/Q9H223/Q9Y5X2/P29590/P00533",21
"GO:0055038","GO:0055038","recycling endosome membrane","11/1560","74/29171",0.00185059861414294,0.00748043174752961,0.0043067196663948,"Q15907/P62491/P02786/Q9H4M9/Q9NZN3/P61225/Q9NZN4/Q9UNF0/P61006/P61026/Q9H223",11
"GO:0000243","GO:0000243","commitment complex","4/1560","11/29171",0.00198511459408179,0.00792864221802905,0.0045647685214788,"P62318/P08621/P62314/P26368",4
"GO:0005683","GO:0005683","U7 snRNP","4/1560","11/29171",0.00198511459408179,0.00792864221802905,0.0045647685214788,"P62304/P62318/P62306/P14678",4
"GO:0032153","GO:0032153","cell division site","14/1560","109/29171",0.00202608425960861,0.00799707375410223,0.00460416670759356,"P62491/Q15019/P05556/P36873/P08134/P61586/Q16181/Q9UL25/P35241/Q9UHB6/P62745/P35579/P06753/Q14141",14
"GO:0032155","GO:0032155","cell division site part","14/1560","109/29171",0.00202608425960861,0.00799707375410223,0.00460416670759356,"P62491/Q15019/P05556/P36873/P08134/P61586/Q16181/Q9UL25/P35241/Q9UHB6/P62745/P35579/P06753/Q14141",14
"GO:0030125","GO:0030125","clathrin vesicle coat","8/1560","44/29171",0.00207833013493412,0.00815531883357191,0.00469527337347383,"Q13492/Q00610/P63010/O95782/P09496/O94973/P00533/P53675",8
"GO:0033290","GO:0033290","eukaryotic 48S preinitiation complex","6/1560","26/29171",0.00211466621432538,0.0082496571500717,0.00474958690732813,"P60228/Q13347/O00303/Q14152/B5ME19/Q99613",6
"GO:0071004","GO:0071004","U2-type prespliceosome","7/1560","35/29171",0.00221600530167223,0.00856141147752544,0.00492907367205559,"P08621/P26368/P14678/P63162/Q9Y383/Q15459/O75400",7
"GO:0016363","GO:0016363","nuclear matrix","21/1560","198/29171",0.00222009776019289,0.00856141147752544,0.00492907367205559,"P05787/P02545/Q99623/Q9Y265/P23246/P20700/Q13838/Q15233/P23528/P43243/Q9Y281/P52272/Q7RTV0/Q8WXF1/Q9Y230/P09486/O75400/Q14980/Q8IYB3/P29590/Q9UPN6",21
"GO:0031983","GO:0031983","vesicle lumen","18/1560","160/29171",0.00233756909158935,0.00896032369990284,0.00515873997625593,"P04075/P12814/P14625/O43707/P27797/P05121/P15144/P01033/Q9Y4L1/P07900/P02751/P35609/P68871/P09486/P07996/P02768/P05067/P00533",18
"GO:0030018","GO:0030018","Z disc","24/1560","239/29171",0.00235024883931878,0.00896032369990284,0.00515873997625593,"P05787/P08727/P12814/O14950/O43707/P08758/O75369/Q13813/P24844/Q9NVD7/P04792/Q14315/P35609/P17661/O75190/P35222/Q96HC4/P49810/Q9HBI1/O14974/Q8WX93/Q0ZGT2/P14923/Q03001",24
"GO:0042612","GO:0042612","MHC class I protein complex","6/1560","27/29171",0.0025973061323147,0.00979096862237733,0.00563696836522469,"P61769/P10321/P30460/P01889/P04439/P30443",6
"GO:0070993","GO:0070993","translation preinitiation complex","6/1560","27/29171",0.0025973061323147,0.00979096862237733,0.00563696836522469,"P60228/Q13347/O00303/Q14152/B5ME19/Q99613",6
